ID,Name,Email,MatterMost
1,Sarah Holt,phall@example.net,Ronald Allen
2,Dawn Riley,harrismanuel@example.net,Dakota Cook
3,Melody Parker,katherine49@example.org,Robert Dickson
4,Jesse Conway,mhernandez@example.org,Lisa Cruz
5,Mary Flores,gabriellehoward@example.com,Jennifer Rogers
6,Ryan Frank,cynthia24@example.org,Cindy Bennett
7,Heather Trevino,thompsonlaura@example.org,Emily Phillips
8,Lisa Stephens,nicole73@example.org,Meghan Garcia
9,Jacob Riley,andrew54@example.net,Shannon Kemp
10,Jay Ruiz,kmiller@example.com,Andre Nielsen
11,Todd Hatfield,thomasdaniel@example.org,Mikayla Torres
12,April Manning,emilyromero@example.org,Mark Pitts
13,Amanda Rasmussen,arivera@example.org,Dr. Deborah Durham
14,Peter Hansen,kaitlynwilliams@example.net,Jeremy Henderson
15,Amy Morrison,haley26@example.org,Kathleen Martinez
16,Louis Rowe,haileydavis@example.net,Brenda Powers
17,Casey Haynes,camachobrian@example.com,Dr. Ryan Sanchez
18,Charles Webb,johnsonsydney@example.org,Samantha Mcneil
19,Robin Pearson,millersteven@example.net,Mary Hernandez
20,Dawn Keith,smithelizabeth@example.net,Nathaniel Malone
21,Joshua Smith,bobby08@example.org,Jennifer Robinson
22,Jonathan Smith,nicholas80@example.net,Bridget Martinez
23,Christine Jackson,fgeorge@example.com,Zachary Kelley
24,Matthew Rogers,mwilliams@example.net,Anne Spencer
25,Gina Nelson,aliciadavis@example.com,Brenda Patton
26,Anthony Maldonado,spatterson@example.com,Sonya Torres
27,Donna Barnes,thompsonmelissa@example.com,Deborah Hughes
28,Matthew Howell,michaelnicholas@example.com,Laura King
29,James Sims,eric31@example.com,Lori Bauer
30,Danielle Le,tonyamorgan@example.net,Richard Hoffman
31,Lisa Compton,schneiderkimberly@example.com,Jill Cochran
32,Brittany Johnson,nicholas58@example.org,Dennis Guerrero
33,Christopher Hughes,garythomas@example.org,Colton Byrd
34,Tracy Davis,davidsonryan@example.org,Patrick Maxwell
35,Amanda Callahan,michael01@example.com,Tiffany Fitzgerald
36,Chris Roberts,ymeyer@example.org,Mark Bates
37,Jennifer Gordon,jasonmolina@example.net,Joann Woods
38,Christopher Roberts,curtis24@example.org,Nathan Rowe
39,Gwendolyn Williams,gpham@example.org,Margaret Jones
40,Randy Bond,bbartlett@example.com,Sophia Maynard
41,Yolanda Clark,stewartashley@example.net,Donna Price
42,Christian Brown,randy61@example.org,Kimberly Abbott
43,Rachel Calderon,jonathan69@example.net,Katelyn Villarreal
44,Alexander Scott,bpruitt@example.net,Corey Fox
45,Anthony Martinez,josephtaylor@example.net,Shannon Morgan
46,Chad Rogers,stephanie84@example.com,Larry Brooks
47,Rachel Davila,charlesowen@example.net,Melanie Lester
48,Sarah Anderson,chris00@example.com,Craig Ryan
49,Tracey Monroe,georgejacob@example.net,Kayla Sullivan
50,David Lowe,xsmith@example.com,Christian Cruz PhD
51,Steven Mcdaniel,adam18@example.net,Kimberly Lewis
52,Dana Miller,kyle42@example.com,Kimberly Weeks
53,Todd Vega,beardjessica@example.com,Joseph Cruz
54,Andrew Porter,qwise@example.net,Beverly Combs
55,Angie Lynch,brianwhite@example.net,Amy Chan
56,Melissa White,meredithbrown@example.net,Timothy Baker
57,Michael Lopez,obutler@example.net,Teresa Hess
58,Stephen May,benjamin55@example.org,Melanie Harris
59,Karen Alvarado,huntgeorge@example.com,Amanda Chambers
60,Nancy Thomas,mark03@example.net,Brian Wang
61,Andrew Meadows,ebailey@example.net,Jamie Mitchell
62,Heidi Bishop,warnergabrielle@example.org,Alexandra Dorsey
63,Sheila Glover,timothylambert@example.com,Kimberly Johnson
64,Erik Johnson,barberrobert@example.net,Sarah Powell
65,Johnny Steele,anthonykennedy@example.org,Robin Miles
66,Benjamin Welch,browncharles@example.com,Diana Gonzalez
67,Laura Melendez,kmyers@example.org,Rachel Barnes
68,Kimberly Burnett,jacobsalexandra@example.com,Megan Williams
69,Mark Caldwell,mbrown@example.org,Rebecca Walker
70,Jerry White,helenmcguire@example.net,Drew Webb
71,Elizabeth Acosta,tammy99@example.com,Susan Morris
72,David Kane,baxterjason@example.net,Andrew Valdez
73,Adam Lee,foxronald@example.com,Shelly Davis
74,Richard Vazquez,kaitlyn63@example.com,Paul Curry
75,George Avery,burtoneric@example.net,Lisa Brown
76,Matthew Phillips,charles03@example.org,Karen Brown
77,David Walker,donnamooney@example.com,Laurie Williams
78,Daniel Patterson,mcole@example.com,Timothy Holt
79,Daniel Terry,hwilliams@example.net,Jason Williams
80,Terry Jackson,hwiley@example.com,Adrian Nixon
81,Barbara Clark,timothypetty@example.net,Amanda Smith
82,Kathy Tucker,kingashley@example.com,Anthony Jenkins
83,William Alvarado,masonwilliam@example.net,Ryan Short
84,Andrew Barker,wilsonsheila@example.org,Kimberly Cook
85,Joel Davila,eric40@example.com,David Ortiz
86,Paul Turner,david77@example.org,Jeffery Cole
87,William Harris,morgancarly@example.org,Jermaine Martinez
88,Shannon Wilcox,jmorris@example.org,Jason Lopez
89,Andrea King,angelica13@example.com,Brandi Ochoa
90,Daniel Mcintosh,xmacias@example.net,Melody Phillips
91,Devin Lee,robert44@example.net,Nicole Torres
92,Julia Gonzalez,mstewart@example.org,Justin Nunez
93,Charles Howard,sjohnson@example.com,Alexis Mcpherson
94,Angela Wood,underwoodmegan@example.org,Carlos Jackson
95,Michelle Gamble,regina85@example.net,Larry King
96,Michael Martinez,uanderson@example.net,Patricia French
97,Mr. Kenneth Sandoval DDS,sheridean@example.org,Aaron Avila
98,Larry Hernandez,kzhang@example.net,Patricia Vega
99,Thomas Mata,andrew20@example.net,Christopher Torres
100,Darren Lee,kennethwells@example.net,Bryan Luna
101,Elizabeth Cooper,brittanymiller@example.com,Joseph Roberts
102,Anthony Lee,pacerichard@example.org,Anna Dunlap
103,Jorge Thomas,hernandezmark@example.com,David Haynes
104,Tina Lowe,dominique09@example.net,Larry Smith
105,Rebekah White,andersonjoshua@example.org,Timothy Rodriguez
106,Denise Thompson,taylor67@example.org,David Ryan
107,Thomas Moore,meganpierce@example.org,Wendy Thompson
108,Lisa Stewart,mmarshall@example.net,Gwendolyn Doyle
109,Dylan James,williammoore@example.com,Heather Simon
110,James Harper,williamsmichelle@example.com,John Suarez
111,Mathew White,pughbrandon@example.org,Amber Hicks
112,Robert Alexander,mitchell94@example.net,Mr. Brandon Jenkins
113,Jordan Hanson,roy61@example.org,Kevin White
114,Katherine Turner,taylorsarah@example.org,Cheryl Jackson
115,Jennifer Golden,ronaldgould@example.org,Charles Reeves
116,Tiffany George,singhjacob@example.net,Ashley Wright
117,David Anderson,agarcia@example.org,Lucas Bowen
118,Lisa Dixon,michael98@example.net,Alexander Young
119,Nicole Warren,robinfoster@example.org,Barbara Romero
120,Linda Brown,jillcrawford@example.org,Hannah Hall
121,Michael Floyd,adamskim@example.com,Tyler Mcdonald
122,Margaret Cannon,patrickkey@example.com,Paul Williams
123,Carolyn Lane,fdavidson@example.com,Kenneth Hahn
124,Melissa Moore,brandon16@example.org,Daniel Ortega
125,James Hawkins,phillip97@example.com,Mrs. Emily Aguilar
126,Brendan Davis DDS,jason27@example.org,Mark Hood
127,Wendy Stevenson,fthomas@example.com,James Hardy
128,Carol Hunt,xortiz@example.com,Jacob Lee
129,Norman Mcconnell,tobrien@example.net,Jennifer Warren
130,Paula Reynolds,lisa74@example.org,Rhonda Orozco
131,Kathleen Ramos,daviescourtney@example.net,Robert Summers
132,Brandi Johnson,william23@example.org,Brenda Jackson
133,Carmen Williams,anitanicholson@example.com,Kristen Reid
134,Ronald Stout,floreschristopher@example.net,Ryan Cochran
135,Jean Leon,wanda87@example.net,Douglas Choi
136,Jessica Brown,nelsonjeffrey@example.net,Melissa Mcdaniel
137,Jessica Wilson,woodsjay@example.net,Anthony Stephenson
138,Benjamin Williams,kylelane@example.org,Carlos Rice
139,Anita Cox,david72@example.org,Julie Armstrong
140,Micheal Sanchez,lowens@example.org,Anthony Hardy
141,Melissa Phillips,owensnicole@example.net,Kenneth Vang
142,Kelsey Wilcox,tcarr@example.com,Karen Butler
143,Elizabeth Walker,marshmichael@example.net,Dr. Elizabeth Galloway
144,David Bartlett,rowens@example.net,Mark Miranda
145,Joanna Kelley,sandovaldrew@example.com,Billy Matthews
146,Alexander Mitchell,tracy45@example.org,Leah Schneider
147,Charles Miller,ivilla@example.org,Luis Richardson
148,Christopher Ferguson,rbrown@example.net,Sara Rivera
149,Mr. Joseph Mcdonald MD,jacksonjeremy@example.org,Stephanie Bennett
150,Rodney Peck,reedmelanie@example.net,Ashley Jordan
151,Timothy Jordan,cathytaylor@example.com,Cynthia Jackson
152,Richard Anthony,hernandezcatherine@example.net,Joel Brown
153,Pamela Todd,haneydavid@example.net,William Schroeder
154,Albert Moore,candicejones@example.net,Lori Bates
155,Darryl Phillips,eric27@example.net,Kathryn Moore
156,Shane Lee,carolyn16@example.org,Kathryn Lamb
157,Megan Reynolds,olsonmichael@example.com,James Campbell
158,Lori Davis,jennifer47@example.net,Carlos Kennedy
159,David Miller,shannon65@example.org,Kyle Rogers
160,Alexis Tate,williamhoward@example.com,Diana Williams
161,Steven Calderon,vbrady@example.org,Chad Walker
162,Jessica Harrison,jgreen@example.org,Zachary Jones
163,Michelle Watson,stephenpatrick@example.net,Vernon Willis
164,Joshua Mills,sjackson@example.org,Bethany Tran
165,Casey Myers,tinamartinez@example.com,Michael Contreras
166,Elizabeth Briggs,michaelfitzpatrick@example.org,Michael Thomas
167,Michelle Powell,bmurphy@example.net,Diana Massey
168,Alexis White,rachel38@example.net,Wesley Houston
169,Colton Miranda,kenneth55@example.com,Christopher Reid
170,Dylan Anderson,beth02@example.net,Anthony King
171,Aaron Monroe,chambersgarrett@example.net,Jenna Hayes
172,Denise Perry,judith53@example.org,Alexandra Reyes
173,Kari Cunningham,ulandry@example.com,Vanessa Huynh
174,Kyle Miller,cooperjulia@example.com,Danielle Newman
175,Kimberly Boyd,staceygraham@example.com,Stephen King
176,Claudia Miller,michaelkerry@example.org,Sarah Branch
177,Jessica Savage,yvettewarner@example.com,Kaitlyn Fox
178,Jessica Rodriguez,kevinmedina@example.com,George Welch
179,Paige Figueroa,ericmcgee@example.org,David Austin
180,Marie Davis,ryan46@example.net,Juan Parker
181,Aaron Jones,beverlymedina@example.org,Ashley Collier
182,Penny Mitchell,allison27@example.org,Jessica Wright
183,Shannon Sherman,mgarcia@example.net,Charles Chambers
184,Tammy Brown,nelsonteresa@example.com,Amanda Wilson
185,John Walters,thomas56@example.com,Brian Garrison
186,Taylor Murray,andrewnguyen@example.org,Sarah Hunt
187,Taylor Davis,lori07@example.com,Elizabeth Williams
188,John Lloyd,charlottemorales@example.org,Erika Howard
189,Tammy Williams,kimberlynichols@example.com,Laura Scott
190,Jamie Gay,smithnancy@example.net,Angela Roberson
191,Sara Adams,bbenson@example.com,Kelli Diaz
192,Dr. Alexander Mcconnell Jr.,janicecombs@example.org,Diane Chan
193,Laurie Riley,beasleydenise@example.net,Sarah Higgins
194,Mikayla Bruce,hsoto@example.com,Tracy Simpson
195,Anthony Hancock,mcintoshkelly@example.org,Kyle Collins
196,Mrs. Glenda Morgan,cheryl64@example.com,Katie West
197,Reginald Johnson,jasonkim@example.net,Stephanie Baker
198,Timothy Johnson,shannonvincent@example.org,Brooke Anderson
199,Derrick Williams,qbruce@example.org,Wayne Sanders
200,Thomas Jones,adam04@example.net,Barbara Brown
201,Jack Thompson,markhenry@example.org,Jessica Martin
202,Tricia Gutierrez,richardscindy@example.org,Eric Hooper
203,Mary Willis,megan00@example.com,Jenna Santos
204,Crystal Wilcox,mmartinez@example.org,Mary Reynolds
205,Stephanie Schmidt,thomas97@example.com,Jody Davis
206,David Munoz,howardteresa@example.org,Pamela Rodriguez
207,Deborah Smith,benjamin27@example.com,Taylor May
208,Melissa Thompson,hardyamanda@example.com,Kimberly Harrison
209,Lisa Ball,armstrongalyssa@example.org,Mary Lawrence
210,Travis Schneider,tonysilva@example.com,Jesse Black
211,Tracie Mathis,jacksonmonique@example.com,Tammy Perez
212,Gary Cooper,agalloway@example.com,Zachary Jones
213,Javier Smith,otodd@example.com,Anthony Duncan
214,Barbara Wilson,yruiz@example.com,Brian Gonzalez
215,Sandra Ball,youngshannon@example.org,Jeffrey Perez
216,Melanie Dyer,christydickerson@example.org,Shannon Oliver
217,Samuel Krause,craigpowell@example.net,Amy Young
218,Stephen May,wnguyen@example.net,Samantha Anderson
219,Mark Cantu,richard08@example.org,Diana Chapman
220,Tammy Holder,tiffany61@example.net,Ashlee Campbell
221,Jessica Castro DDS,jcurry@example.org,Lisa Martin
222,Erin Galloway,solisjessica@example.com,Suzanne Hammond
223,Diana Johnson,karasosa@example.org,Kelly Frazier
224,Jenna Phillips,marie41@example.net,Kyle Sims
225,Robert Juarez,tylerloretta@example.net,Kristi Davis
226,John Hill,lkim@example.com,James Bailey
227,Christine Hutchinson,angelaspencer@example.net,Charles Finley
228,Melissa Flores,ybarnes@example.net,Jerome White
229,Craig Quinn,fisherfrederick@example.net,Monica Hansen
230,Stacy Turner,ymiller@example.org,Scott Johnson
231,Melissa Smith,breanna04@example.org,Christine Mooney
232,Mr. Nicholas Wilson,karenmartin@example.org,Jeremy Ross
233,Courtney Lee,kevinroberts@example.com,Lisa Baker
234,Jamie Smith,rachelconrad@example.net,Nicole Solomon
235,Ashley Tran,carol66@example.org,Jasmine Wallace
236,Sarah Vance,lesterdillon@example.com,Katherine Ward
237,John Adams,hammondernest@example.net,Hunter Esparza
238,Melanie Bradley,townsendjustin@example.org,Daniel May
239,Wendy Munoz,steven07@example.com,Travis Peterson
240,Matthew Nelson,michaelrodriguez@example.org,Marvin King
241,Shane Parker,kingmary@example.com,Daniel Torres
242,Gina Reynolds,idorsey@example.com,Eric Garza
243,Madison Thompson,awashington@example.net,Arthur Weber
244,Mary Adams,jramirez@example.net,Jeffrey Cook
245,Dr. Nicole Murphy,cassandra03@example.org,Wendy Kim
246,Donna Rosales,hallbianca@example.net,Jillian Long
247,Edward Henderson,browndavid@example.com,Samuel Chapman
248,Ellen Anderson,richardsoncory@example.org,Zachary Lopez
249,Timothy Stewart,chris43@example.net,Derek Wilson
250,Renee Williams,michael24@example.com,Corey Foster
251,Billy Espinoza,lgarcia@example.org,Gary Ware
252,Michael French,juliebartlett@example.net,Lawrence Smith PhD
253,Brandon Hodges,randytaylor@example.org,Abigail Hunter
254,Michael Harris,monicahinton@example.com,Alexandria Moore
255,Lisa Smith,hgraham@example.com,Michelle Stone
256,Ryan Green,william57@example.net,Heather Russell
257,Tonya Martinez,asmith@example.org,Lauren Johnston
258,Matthew Ruiz,clopez@example.com,Karen Snyder
259,Christian Weiss,ochoabenjamin@example.com,Heather Kim
260,Jesse Krueger,adamsnicholas@example.net,Dana Sanford
261,Rebecca Williams,ecruz@example.com,Kyle Fisher
262,Jonathan Allen,rgallagher@example.org,Brandy Osborne
263,Brittany Barrett,brandon93@example.org,Tracy Rice
264,Kenneth Newton,tina32@example.org,Leslie Hill
265,Katherine Thomas,matthewatkins@example.com,Daniel Robinson
266,Amanda Clark,rowlandmelanie@example.com,Thomas Petersen
267,Stephen Anderson,juarezashley@example.org,Rebecca Hurley
268,Margaret Anderson,ryan53@example.com,Cynthia Ellis
269,Todd Reid,heather85@example.org,Douglas Washington
270,Melissa Johnson,gregorysanchez@example.org,Paul Malone
271,David Owens,jking@example.net,Jonathan Moore
272,Sean Arroyo,salinasdennis@example.org,Patricia Jenkins
273,Jenna George,joshua61@example.org,Matthew Thomas
274,Linda Barrett,melissa44@example.net,Joseph Johnson
275,Angela Smith,tricia11@example.com,Matthew Cooper
276,Autumn Smith,melendezlori@example.org,Devin Stafford
277,Jennifer Tyler,buchanandonald@example.org,Casey Miller
278,Randy Jones,llindsey@example.net,Gabriel Taylor
279,Robert Mayo,lindaortega@example.net,Justin Johnson
280,Anna Holder,sharrison@example.net,Brandi Duncan
281,Yolanda Simmons,donna72@example.com,Cynthia Edwards
282,Brandon Jordan,goodmorgan@example.org,Christopher Rivera
283,Diane Roberts,hayesalicia@example.org,Brian Duncan
284,Larry Sanchez,newmanerik@example.org,Ashley Price
285,Richard Richmond,williamconrad@example.net,Jerry Hunter
286,Sharon Contreras,abishop@example.net,Allen Melendez
287,Austin Bryant,alvarezjuan@example.org,Heather Rodriguez
288,Carla Glover,david76@example.org,Nathaniel Brady MD
289,Joseph Gutierrez,jamestaylor@example.net,Terri Thompson
290,Carrie Foster,kimberly48@example.com,John Johnson
291,Natasha Welch,tammy54@example.org,Charles Gray
292,Andrew Rodriguez,caldwellthomas@example.com,Mason Burns
293,Kelly Smith,nweaver@example.net,James Santiago
294,David Walker,gsmith@example.com,Allison Moyer
295,Jane Horton,vaughnwalter@example.org,Megan Hays
296,Kimberly Leonard,ericmeyer@example.org,Sean Brewer
297,John Jennings,wkrause@example.com,Stephanie Turner
298,Shannon Marshall,landrews@example.net,Matthew Gallegos
299,Connor Smith,shelleysolis@example.net,Kathleen Buchanan
300,Zoe Hurst,wrodriguez@example.net,Garrett Stephens
301,Robert Holder,karen61@example.org,Jennifer Gaines
302,Martin Turner,rsanchez@example.net,Francisco Walsh
303,Jeremy Tran,monicamartinez@example.net,Tammy Pearson
304,Erica Perez,mmitchell@example.org,Kevin Green
305,Brandon Bullock,derrick83@example.org,Dustin Ward
306,Megan Payne,amber63@example.net,Manuel Smith
307,Danielle Espinoza,schultzbrandy@example.net,Elizabeth Cooper
308,Deborah Hernandez,jessica90@example.com,James Brown
309,Jessica Merritt,todd80@example.net,Janet Farmer
310,Jeffrey Walton,mhartman@example.com,Benjamin Browning
311,Jessica Green MD,thomaswelch@example.net,James Freeman
312,Michael Smith IV,nelsonjade@example.com,Danielle Mccarthy
313,Phillip Walsh,murphydenise@example.org,Wanda Wilson
314,Kristy Marquez,jeffreywilliams@example.com,Jimmy Brandt
315,Juan Lopez,stephenbrown@example.com,Teresa Camacho
316,Joseph Mcdaniel,kellytanya@example.com,Gloria Shaw DVM
317,Andrea Ramirez,amandawilliams@example.net,Jordan Willis
318,Andrea Briggs,youngjeremy@example.net,Jon Blanchard
319,Michael Edwards,johnsonphilip@example.org,Sarah Gomez
320,Gabriel Sherman,miguelcordova@example.com,Jessica Rodriguez
321,Kevin Hicks,shannon49@example.com,Robin Eaton
322,Timothy Watson,caitlyn10@example.com,Debra Mendez
323,Joseph Lynch,tamara64@example.org,Sonya Brown
324,Beth Collins,kellyjoanna@example.com,Lindsey Nguyen
325,Jermaine Frost,tjones@example.com,Dr. Derek Parsons
326,Dominic Mckay,allen23@example.org,Breanna Allison DDS
327,Eric Campbell,floresdale@example.org,Alejandro Barnes
328,Frank Colon,phillipskelly@example.org,Sarah Fisher
329,Elizabeth Charles,bdaniel@example.net,Amanda Jackson
330,Donna Ford,lorettahuang@example.com,Michael Gross
331,Bonnie Mills,jessica49@example.com,Chad Munoz
332,Miguel Cunningham,candacewinters@example.net,Kevin Foster
333,Rose Neal,jeremy35@example.org,Luis Kelly
334,Lisa Johnson,william36@example.net,Tara Allen
335,Mark Pineda,smcpherson@example.net,Jason Estrada
336,Cameron Tate,bradshawdavid@example.net,Tasha Smith
337,Dominique Cruz,sking@example.net,Amanda Ellis
338,Jonathan Hall,sarah66@example.org,Emily Johnson
339,Diamond Torres,xbrooks@example.net,Melissa Walker
340,Anthony Mann,jacquelinesmith@example.com,Kenneth Long
341,Kevin Murray,wrighterica@example.net,Rose Bond
342,Paul Ellis,john23@example.net,Kristen Gardner
343,Joseph Hayes,kimallen@example.com,Jaime Obrien
344,Alan Sanchez,patricia24@example.org,Jody Shelton
345,Benjamin Bell,adamsmaria@example.com,Jasmine Kane
346,Stephanie Stein,thomas62@example.com,Joseph Koch
347,Marcus Dunn,jessica67@example.org,Kimberly Oneal
348,Judy Howard,sarahcalhoun@example.org,Jeremy Garcia
349,Rita Frey,lauren57@example.net,Patricia Johnson
350,Chad Scott,donnaolson@example.org,Brian Kirby
351,Peter Ryan,sandersmichael@example.org,Andrew Edwards
352,Anna Weaver,linda34@example.com,Mary Palmer
353,Joshua Ramos,valerievaughn@example.com,Brett Roberts
354,Mrs. Kelsey Spears,alangordon@example.org,Tammy Cain
355,Megan Garcia,daniel85@example.com,John Owens
356,Michael Santiago,xwhite@example.org,Brooke Perez
357,Devin Moody,qfarmer@example.net,Erika Steele
358,Kelly Barnes,bakerwendy@example.com,Jacob Bradshaw
359,Sara Sanders,dana64@example.org,Suzanne Wilson
360,Ashley Aguilar,leonardreed@example.com,Susan Miller
361,Andre Bentley,walkerrobert@example.com,Shannon Gardner
362,Brenda Foster,cookjane@example.com,Autumn Griffin
363,Chad Phillips II,joshuablack@example.net,Samantha Lee
364,Samantha Brandt,chaneyanna@example.com,Troy Ramirez
365,Brandon Smith,marshallryan@example.com,Mrs. Kelsey Lawrence
366,Susan Phelps,obernard@example.com,Melinda Shepard
367,Ashley Sloan,webstersamuel@example.net,Timothy Stevens
368,Clinton Hernandez,moranrachel@example.net,Beth Hale
369,Sarah Cook,morganmathews@example.org,Erica Johnson
370,Antonio Bartlett,bradvincent@example.org,Sara Schwartz
371,Jordan Wilson,michelle13@example.com,Stacy White
372,Ronald Andrews,thomaslori@example.net,Erin Martinez
373,James Williams,robert05@example.com,Shaun Foster
374,Russell Meyer,vsmith@example.org,Sarah Brown
375,Sean Yu,jessicabeck@example.org,Jamie Bryant
376,Michele Castro,jennifer61@example.net,Deanna Mcdaniel
377,Robert Roberson,hpowers@example.com,Teresa Johnson
378,Andrea Patterson,smithdawn@example.net,Julia Turner
379,Jamie Simpson,helenjohnson@example.com,Keith Evans
380,Sierra Burke,amanda45@example.com,Tracey Griffith
381,Connie Turner,ritterreginald@example.com,Matthew Collins
382,Kathryn Norman,elizabeth61@example.com,Vanessa Douglas
383,Hannah Matthews,austinpotts@example.org,David Pratt
384,Cory Clark,joanngray@example.org,Omar Sullivan
385,Connie Evans,raymondrussell@example.com,Wendy Campbell
386,Christine Taylor,kimberly82@example.net,Joel Johnson
387,Chris Nelson,allencassandra@example.net,Sarah Sawyer
388,Ryan Brown,sandersdaniel@example.org,Aaron Williams
389,Bobby Henson,brentbell@example.org,Sandra Armstrong
390,Amanda Thomas,etran@example.net,Paul Bell
391,Michael Mann,veronica00@example.com,David Walker
392,Kimberly Campbell,sandovalstephen@example.net,Ricky Rhodes
393,Alexander Hester,cookbrian@example.net,Theresa Wilson
394,Tracy King,chenstephanie@example.com,Andrew Taylor
395,Bryan Farmer,kendra65@example.com,Steven Mitchell
396,Sandra Owens,dmoore@example.org,Caroline Nunez
397,James Parsons,khammond@example.com,Brandy Bennett
398,Kimberly Jones,agarrett@example.net,Gerald Mcmahon
399,Jacqueline Bailey,iwilliams@example.com,Dr. Shannon Guerrero MD
400,Jessica Hobbs,pgordon@example.org,Sara Ward
401,Rachel Newman,maria68@example.com,Dr. Alan Guzman DVM
402,Brianna Luna,malonesylvia@example.org,Dylan Schneider
403,Brett Mccormick,jared55@example.com,Alexis Simmons
404,Kyle Taylor,christopher57@example.net,Catherine Roberts
405,Javier Fields,owaters@example.org,Shane Gordon
406,Natalie Terry,lbailey@example.com,Robert Potter
407,Katrina Kane,ujones@example.net,Rebecca Evans
408,Jonathan Koch,storres@example.net,Elizabeth Smith
409,Lawrence Lewis,nathaniel60@example.net,Gavin White
410,Kenneth Lewis,ugarrison@example.org,Matthew Hicks
411,David Thompson,carsonwayne@example.net,Kelly Watson
412,Christina Ware,larsenedwin@example.com,Juan Pierce
413,Alicia Davis,ricardorosario@example.com,Marc Byrd
414,Trevor Baker,owenedward@example.org,Erin Lamb
415,James Anderson,williamskristi@example.org,Kelly Rios
416,Anthony Pollard,derekzimmerman@example.net,Erika Wilson
417,Janice Chapman,oboyd@example.org,Phillip Mcdonald
418,Ivan Gonzalez,wardjustin@example.net,Joseph Thomas
419,James Rowland,andrewjacobs@example.org,Chris Russell
420,Justin Ward,william32@example.com,Todd Williams Jr.
421,Manuel White,baileycorey@example.org,Olivia Robinson
422,Christopher Finley,andrea17@example.com,Jeffrey Sutton
423,Angela Harper,marybrown@example.com,Madeline Wright
424,Crystal Rodriguez,brenda13@example.org,Sarah Smith
425,Chad Hanson,scott60@example.com,Brian Richardson
426,James Scott,thenderson@example.org,Richard Williams
427,Kyle Thompson,alexanderelliott@example.com,Brian Owens
428,James Dixon,bergertracy@example.org,Michelle Smith
429,Jade Copeland,hamiltonkatherine@example.net,Hannah Russell
430,Rhonda Davis,shelbybowman@example.com,Emily Fischer
431,Andrew Duncan,ruth21@example.org,Kevin Carter
432,Shirley Castillo,vburch@example.com,Julie Gonzalez
433,John Fisher,mckinneybrian@example.com,Jennifer Randolph
434,Cheryl Garcia,gabrielle66@example.net,Bryan Hall
435,Jennifer Ferrell,youngamy@example.net,Jessica Reed
436,Courtney Roberts,rowechristina@example.com,Chelsea Oliver
437,Dr. Gloria White,marymoreno@example.net,Christina Greer
438,James Miranda,fking@example.net,Alexander Mendoza
439,Eric Diaz,owenkathryn@example.com,Stephanie Baker
440,Karen Wallace,josephfranklin@example.net,Janet Sanchez
441,Benjamin Kelley,alanrussell@example.com,Wanda Wallace
442,Christian Diaz,pearsonjoshua@example.com,Jaime Mendez
443,Joshua Smith,ggray@example.com,James Frey
444,Heather Woods,kbarton@example.com,Michael Schmidt
445,Tammie Brown,jacksonveronica@example.com,Michael Adams
446,Charles Little,robertgardner@example.org,Kathy Murray
447,Timothy Richmond,kellytonya@example.net,Brian Mueller
448,Andrew Guerra,stevensonkayla@example.com,Lynn Molina
449,Carlos Castillo,samanthamartinez@example.org,Diane Mooney
450,William Chavez,kimberlyphillips@example.net,Anthony Thomas
451,Cody Morales,ecooke@example.org,Aaron Long
452,Tracy Roberts,courtney90@example.com,Lauren Stevens
453,George Ball,johnsonlaura@example.com,Nathan Clark
454,Joshua Rodriguez,gateskatie@example.org,Kathryn Tapia
455,Michael Sparks,briananderson@example.net,Ryan Reynolds V
456,Christine Powell,ashleyphelps@example.org,Michele Taylor
457,Jennifer Merritt,gonzalezjessica@example.com,Robert Huffman
458,Phillip Acosta,leebrandy@example.net,Michael Garza
459,Kim Johnson,danielleschmidt@example.org,Rhonda Farrell
460,Amanda Hamilton,xwilliams@example.org,Brian Davis
461,James Rodriguez,mark92@example.com,Cindy House
462,Daniel Thompson,awilliams@example.com,Beth Page
463,Chelsea Hernandez,sheamartha@example.com,Jose Rivera
464,Mark Cannon,mayspeter@example.com,Kathleen Chapman
465,Jeffrey Gibson,julie23@example.net,Steven Herrera
466,Kayla Riddle,stephanie44@example.net,Stephanie Luna
467,Dustin Jones,savagemichael@example.net,Zachary Aguirre
468,Kevin Hernandez,georgematthew@example.com,Tyler Ramirez
469,Mathew Garcia,reynoldsdiana@example.org,Denise Edwards
470,Erica Nguyen,marvin74@example.com,Jon King
471,Larry Braun,hatkins@example.com,Carly Perez
472,Lee Smith,jason09@example.com,Cameron Moreno
473,Alison Kaufman,patriciagarcia@example.com,Madison Hawkins
474,Michelle Carter,valerievillarreal@example.com,Mark Burke DDS
475,Sarah Holmes,stephen81@example.org,Dr. Mark Ramos
476,Teresa Brooks,lopezandrew@example.com,Andrew Brooks
477,Lori Morton,kathleenroy@example.org,Michelle Rodriguez
478,Dr. Christopher Chandler DDS,mschneider@example.com,Peter Russell
479,Rita Cain,pjohnson@example.org,Kathy Carson
480,Joshua Taylor,timothyball@example.com,Bonnie Hernandez
481,Tamara Hernandez,cjones@example.com,Jason Moyer
482,Joy Matthews,vmoore@example.org,Michelle Kaufman
483,Hector Rodriguez,lcooper@example.org,Samuel Pope
484,Eric Davila,aaron17@example.com,Nicole Marshall
485,Adrienne Mcmillan,nicholasmorgan@example.com,Arthur Griffith
486,Kristina Barton,olsengwendolyn@example.org,Katie Morris
487,Nicole Spears,danielfranklin@example.net,Antonio Garcia
488,Melissa Williamson,rbrooks@example.org,Sean Buck
489,Casey Cole,kathleen87@example.org,Andrew Martinez
490,Bryan Harrison,debbie55@example.net,Alexander Moreno
491,Nathan Jackson,cynthiathompson@example.com,Jeffrey Reyes
492,Robert Davis,sbonilla@example.net,Elizabeth Cooper
493,Timothy Robles,kathrynkennedy@example.org,Jennifer Ray
494,Sheryl Perez,jamesklein@example.com,Gabriel Martin
495,Andrew Parrish,dporter@example.org,David Oliver
496,Victoria Mitchell,eosborn@example.com,David Davis
497,Nicole Marshall,shawngonzales@example.net,Rachel Moore
498,Meghan Greene,janice64@example.net,Angela King
499,Marissa Mueller,randysmith@example.org,Anna Jensen
500,Damon Cantrell,fbass@example.org,Jerry Mccullough
501,Elizabeth Chan,diana68@example.net,Elaine Mitchell
502,Robert Mills,angeladavis@example.com,Kristina Boyd
503,Barbara Wilson,kristen87@example.com,David Wells
504,Kerry Mendoza,richard37@example.com,Suzanne Browning
505,Pedro Robertson,jeremy99@example.com,Dana Lewis
506,Tonya Jackson,seanwatkins@example.net,Karen Fernandez
507,Stephen Miles,tyler04@example.net,Jamie George
508,Melanie Osborne,heatherfisher@example.net,Dr. Jennifer Hess
509,Ashley Shaw,john97@example.net,Robert Taylor
510,Nicholas Acosta,wray@example.org,Tanya Hill
511,Frank Moore,aparker@example.org,Victoria Harvey
512,Matthew Gill MD,patricksmith@example.com,Jeffrey Cobb
513,Nicholas Mcguire,byrdterri@example.org,Craig Chavez
514,Joshua Watson,lbarker@example.com,Gregory Good
515,Alexander Flores,jamesreynolds@example.com,Tammy Proctor
516,David Singleton,davisamanda@example.com,Manuel Carter
517,Jennifer Sullivan,uvaldez@example.net,Monica Morgan
518,Sherri Hernandez,christopherhughes@example.com,Nancy Ryan DDS
519,Yesenia Woods,harrisscott@example.org,Frank Franklin
520,Jessica Trevino,biancasims@example.com,Katie Martinez
521,Cindy Ruiz,william39@example.org,Dawn Ward
522,James Cook,davisamber@example.net,Lee Gonzalez
523,Robert Gray,gbailey@example.com,Jessica Wright
524,Paul Flores,jonathan36@example.org,Nicole Mcdonald
525,Victoria Barrera,alicianguyen@example.net,Jason Johnson
526,Mr. Theodore Stevens,droy@example.org,John Ray
527,Jessica Banks,khanalan@example.net,Ashley Morris
528,Shelley Lam,cheryljenkins@example.net,Christina Acevedo
529,Michael Ramirez,patrick91@example.org,Debbie Jenkins
530,Brenda Browning,michael10@example.com,Katelyn Silva
531,Brian Burke DVM,stephanie28@example.org,Howard Buchanan
532,Joshua Lara,sherylwall@example.net,Kim Arnold
533,Ronald Evans,kathleen20@example.org,Laura Fuller
534,Mark Johnson,kevin04@example.com,Michael Munoz
535,Rachel Morris,bstephens@example.com,Cynthia Kane
536,Jared Fitzpatrick,derrickkerr@example.com,Kathryn Peterson
537,Keith Kline,jennifer23@example.com,Tiffany Coleman
538,Robert Jones,walkerchad@example.com,Dennis Walker
539,Sara Serrano,phamdavid@example.net,Anthony Lewis
540,Dennis Dawson,unguyen@example.org,Tracy Young
541,Natalie Baker,dawn30@example.net,Brian Joseph
542,James Murillo,samuel41@example.net,Joseph Miller
543,Kyle Sanchez,munozsteven@example.com,David Boyd
544,Sherri Miller,william66@example.org,Shelley Stein
545,Caitlin Lowery,rodriguezmartin@example.com,Lisa Olson
546,David Turner,hendersondavid@example.net,Sharon Fuller
547,Mary Turner,dawn11@example.net,Rebecca Miranda
548,Connie White,laura20@example.org,Rachel Cox
549,Alexis Orr,butlervictoria@example.net,Jorge Sanders
550,Micheal Williams,emilyhall@example.org,Luis Mcdowell
551,Jeremy Alvarez,kelly38@example.net,Andrew Pierce
552,Jason Russell,jenniferallen@example.com,Jonathan Bowman
553,Michael Wade,katiemorales@example.org,Janet Elliott
554,John Knight,melissa09@example.com,Steven Martinez
555,Isaiah West,mike37@example.net,Christopher Miller
556,Brian Russell,jamesreynolds@example.org,Philip Hays
557,Mr. David Parker PhD,cherman@example.com,David Hull
558,Brenda Spears,michaelwoods@example.org,Shane Hodges
559,Patrick Lowery,hmartinez@example.org,Tiffany Singh
560,Cassie Salazar,christopherross@example.org,Jaime Henderson
561,Cassandra Castillo,dmiller@example.org,Christopher Nichols
562,Kevin Stone,scottshort@example.org,Jerry Berry
563,Samantha Phillips,georgeemma@example.net,Stephanie Adams MD
564,Paul Wilson,sgarcia@example.net,Allen Brennan
565,Frederick Davis,roger05@example.net,Darrell Mcdonald
566,Brian Harrington,natalie20@example.net,Dennis Williams
567,Keith Valdez,ubenton@example.com,Gary Hall
568,Tiffany Avery,nwilliams@example.net,Ann Wright
569,Misty Collins,zmcbride@example.com,Bradley Wade
570,Margaret Williams,laurendoyle@example.org,Cathy Garrett
571,Jeffrey Clark,kathyblack@example.org,Richard Mason
572,Alexis Peterson,cstevenson@example.com,Holly Lewis
573,Stephen Mann,wwalker@example.net,Amanda Reeves
574,Christina Mendoza,jorge30@example.com,Cody Moore
575,Shannon Sims,andrea49@example.com,Donald Baird
576,Ryan Jackson,victoria20@example.net,Mark Jones
577,Caleb Jones,teresa42@example.org,Lisa Atkins
578,Gerald Rodriguez,ymartin@example.net,Kimberly Edwards
579,Chad Greene,joycewilliam@example.org,Amy Torres
580,Joshua Edwards,benjaminrebecca@example.net,Lori Morris
581,Barbara Patel,wilsonpamela@example.com,Joseph Acevedo
582,Clinton King,bakercameron@example.org,Elizabeth Burns
583,Julie Hernandez,garcialeslie@example.org,Luis Bender
584,Ryan White,travis44@example.com,Noah Cook
585,Paul Payne,jeremyclark@example.net,James Nixon
586,Melissa Martin,sabrinajones@example.org,Taylor Morales
587,Alexander Clark,tinajackson@example.com,Paula Duncan
588,Janet Fletcher,christinalewis@example.com,Dominique Peters
589,Matthew Mckay,adam76@example.com,Samantha Mann
590,Alyssa Stokes,jessica29@example.com,Stephanie Hudson
591,Jennifer Aguilar,adrienne08@example.com,Terry Love
592,Alexis Weiss,sarahbray@example.com,Sarah Mcdaniel
593,Christina Reed,matthew39@example.net,Jennifer Murray
594,James Choi,stacey62@example.com,John Walker
595,Michelle Cervantes,spencedavid@example.net,Brandon Marquez
596,Sarah Gonzalez,kimberly07@example.com,Peter White
597,Steve Thompson,williamsrachael@example.com,Todd Bowers
598,Derek Cook,michaelbrittany@example.net,John Peck
599,Emily Webb,obrienjonathan@example.com,Justin Horton
600,Michael Castro,fholmes@example.org,Daniel Miller
601,Eric Owens,richardmorales@example.net,Zachary Jensen
602,Ronald Hamilton,kathleenjoseph@example.com,Jonathan Cox MD
603,Aaron Goodwin,robertsmith@example.org,Lindsay Green
604,Andrew Lowe,ilee@example.org,Michael Wilkins
605,Tyler Hanna,smithdavid@example.net,Michaela Martin
606,Andrew Chandler,stephengreen@example.com,Joseph Key
607,David Oconnor,websterebony@example.org,Mary Huffman
608,Amber Jackson,walshalexandra@example.com,Justin Smith
609,Hayley Molina,poolechristopher@example.org,Francis King
610,Jose Clark,grahamanthony@example.net,Joshua Duncan
611,Denise Mendoza,collinsgregory@example.net,Ryan Wright DDS
612,Michael White,randolphmackenzie@example.com,Richard Hinton
613,Amy Johnson,lthompson@example.org,Gerald Grant
614,Elizabeth Thomas,larry57@example.com,Michael Vazquez
615,Kara Sellers,clarkalyssa@example.org,Michael Smith
616,Samantha Morris,henryrichard@example.net,Cassandra Roberts
617,Erika Frederick,lcarey@example.com,Ashley Clark
618,Manuel Young,rodriguezdaniel@example.com,Mrs. Stacy Hardin DDS
619,Keith Moreno,yeseniajackson@example.net,Jonathan Robinson
620,Brendan Brewer,gregoryibarra@example.net,James Campbell
621,Jacob Horne,promero@example.net,Elizabeth Peters
622,Heather Moody,mike66@example.com,James Tran
623,Mike Walsh,jasonortiz@example.net,Anne Booth
624,Nathan Harris,danielhumphrey@example.net,Reginald Walker
625,Elizabeth Wallace,scottjohnson@example.net,Sara Armstrong
626,Stephanie Burns,laurietrujillo@example.net,Patrick Little
627,Randy Gomez,vanessa26@example.org,Mary Berger
628,Kathleen Cook,harpercynthia@example.net,Shelby Mckinney
629,Scott Rodriguez,ocoleman@example.org,Brian Carlson
630,Laura Perez,kimberly23@example.org,Gabrielle Ward
631,Maxwell Garcia,jasonsolomon@example.net,Vincent Willis
632,April Zimmerman,johnsonalfred@example.net,Christy Powers
633,Monica Rodriguez,jeremy88@example.net,Tanya Nelson
634,Christopher Carr,clementscurtis@example.org,David Jordan
635,Joseph Fuller,elizabeth46@example.net,Jasmine Harvey
636,Lawrence Olson,jessicaconley@example.com,Joseph Shaw
637,Sean Morris,srojas@example.com,Duane Williams
638,Stephanie Horn,anthonybean@example.org,Laura Ryan
639,Jay Maynard,griley@example.net,Kelly Wilson
640,Joshua Tran,ericksonmaria@example.org,Todd Guzman
641,Richard Guerrero,richjamie@example.org,Anne Ayala
642,Wendy Rosales,lorettanewton@example.org,James Rogers
643,Richard Reyes,lauragreen@example.com,Sydney Reyes
644,Nicole Morgan,bryanvillanueva@example.com,Alexis Kelly
645,Javier Rodriguez,ysantos@example.net,Troy West
646,Dan Bauer,jjohnson@example.org,William Taylor
647,Jamie Walton,beltrandaniel@example.org,Kevin Gillespie
648,Margaret Esparza,ramirezjacqueline@example.com,Michael Ryan
649,Ann Bullock,cristian81@example.com,Travis Harper
650,Christine Luna,williamkim@example.org,Sean Reed
651,Wendy Garcia,martinezlisa@example.net,Benjamin Osborn
652,Megan Richardson,lauraaguirre@example.com,Kathleen Ortiz
653,John Walker,holly29@example.org,Joanna Wu
654,Matthew Price,sanchezjasmine@example.org,John Brady
655,Mark Roberts,clin@example.org,Joseph Wood
656,Lance Williams,mcdanieljonathan@example.com,Sandra Ellison
657,Dana Jackson,gthompson@example.com,Kaitlyn Chase
658,Daniel Brown,yholt@example.org,Beverly Clark
659,Janet Roy,usmith@example.net,Kerri Zuniga
660,Philip Young,james54@example.net,Jamie Ramos
661,Anthony Sullivan,jacob79@example.net,Curtis Porter
662,Steven Hernandez,dilloneverett@example.net,Christine Craig
663,Jeffrey Rogers,houstonbrittany@example.net,Barbara Brooks
664,Tanya West,anita90@example.net,Katelyn Miller
665,Maria Mcclure,edaniels@example.org,James Wood
666,Michele Graves,atkinsonallen@example.org,Victoria Holmes
667,Samantha Pennington,pdavis@example.com,Isabella Smith
668,Denise Winters,brandi33@example.org,Christina Harrison
669,Noah Jackson,jennifer94@example.org,David Robinson
670,James Clark,njohnson@example.org,Timothy Rowe
671,Jeffrey Walter,jeffrodriguez@example.com,Jill Moore
672,Justin Orr,markcole@example.net,Melissa Mccall
673,Elizabeth Salinas,angelataylor@example.net,Jennifer Wilson
674,Manuel Lindsey,wheelerheather@example.com,Duane Dickerson
675,Brian Thompson,hburnett@example.net,Tiffany Greene
676,Gloria Mueller,derek47@example.org,Kaylee Walton
677,Tyler Johnson,hernandezmark@example.com,Tyler Haynes
678,Robert Blair,wilkersonjessica@example.net,Brooke Smith
679,Jennifer Gilbert,mcphersonangela@example.com,Charles Baker
680,Angel Garrison,shannon67@example.org,Monique Bell
681,Jean Williams,crystal63@example.com,Richard Thomas
682,Michael Jones,hvaughan@example.com,Kimberly Anderson
683,Jacob Rivera,valeriecole@example.net,Ashley Vazquez
684,Erica Smith,reedmegan@example.org,Gregory Peters
685,Teresa Bray,adamholloway@example.org,Louis Martinez
686,Emily Turner,valentineryan@example.com,Joshua Dodson
687,Omar Nguyen,pvelazquez@example.net,Clayton Johnson
688,Linda Cole,qcarter@example.net,Michael Thompson
689,Andrea Campbell,sarah30@example.com,Danielle Mann
690,Douglas Bailey,davisjohnathan@example.net,Christopher Lewis
691,Teresa Jones,lauradavis@example.org,Glenda Frey
692,Sara Riley,brookenewman@example.net,Kevin Jackson
693,Joseph Cooper,spenceeric@example.org,Jonathan Maldonado
694,Colton Ponce,pross@example.org,Kathryn Drake
695,Natasha Clarke,olivia46@example.org,Dana Finley
696,Leslie Brown,ortizmatthew@example.com,Lisa Brown
697,Gregory Kelly,sheena84@example.net,Tyler Kramer
698,Melissa Pace,timothyowens@example.com,Adam Wilson
699,William Carey,jasminesmith@example.net,Antonio Blake
700,Jessica Mooney,ballison@example.net,John Martin
701,Linda Beck,susan94@example.net,Terri Thomas
702,Melissa Cox,gordonjanice@example.com,Catherine Miller
703,Shawn Rhodes,scole@example.com,Brett Jenkins
704,Linda Collins,paul59@example.net,Douglas Elliott
705,Xavier Brown,gjensen@example.org,Misty Stanley
706,Stephanie Lin,mccoyjessica@example.com,Erin Cortez
707,Dr. Nicholas Rodriguez,glester@example.org,Anna Baker
708,Kimberly Collins,adavenport@example.com,Vanessa Moore
709,Catherine Reid,beckaaron@example.net,Jennifer Bush
710,Brandon Bishop,lawrencesherry@example.net,Aaron Romero
711,Angela Hooper,torressharon@example.org,Alexander Garrett
712,Cheryl Carroll,raykevin@example.org,Jose Arnold
713,Daniel Bartlett,ehenry@example.net,Dawn Rice
714,Kimberly Wilkerson,marcusrichardson@example.com,Michelle Cook
715,Amber Lee,tdavis@example.org,Shawn Williams
716,Norman Mann,whughes@example.net,Catherine Willis
717,Thomas Kelley,powerslisa@example.net,Kelly Casey
718,Mrs. Sarah Smith,ganderson@example.org,Paul Hicks
719,Keith Wood,clarkmolly@example.org,Jodi Carlson
720,Timothy Ferguson,hillconnie@example.net,Amber Harrison
721,Richard Burns,harrisshane@example.net,Kerry Mayo
722,Daniel Baker,wstewart@example.net,Lisa Sanchez
723,Andrea Gates,hthomas@example.com,Craig Nguyen
724,Kristen Davis,andreacox@example.net,Michelle Richardson
725,Jo Jones,esteele@example.net,John Green
726,Matthew Harris,ucampbell@example.com,Amanda Vaughan
727,Brian Saunders,hillsylvia@example.org,Erica White
728,Daniel Martin,svillarreal@example.com,Whitney Ford
729,Shannon Bates,jennifer57@example.org,Nicolas Baker
730,Brian Robinson,mariahancock@example.com,Nichole Simon
731,Jackson May,matthew69@example.org,Jacob Stephens
732,Christina Moore,williamsonpenny@example.net,Nicolas Miller
733,Paul Sims,jacksonjames@example.org,Matthew Bonilla
734,Richard Lowery,nadams@example.com,Mario Brown
735,Andrea Bailey,kgriffith@example.org,Erica Carney
736,Jason Johnson,garyvargas@example.com,Ana Mosley
737,Sarah Haley,laurabaker@example.com,Susan Cooper
738,Richard Burton,melissa12@example.net,Michael Lambert
739,Amber Glenn,kimberly44@example.net,Rachel Washington
740,Mason Frederick,gary94@example.com,Matthew Mason
741,James Powell,don49@example.net,Brooke Pace
742,Daniel Maxwell,johnjohnston@example.com,Samantha Mejia
743,Thomas Hess,bjames@example.com,Phillip Simmons
744,Ariana Phillips,dmcknight@example.net,Patricia Lewis
745,Elizabeth Jones,wattsjeremiah@example.org,David Ramos
746,Sylvia Wilson,apineda@example.org,Alexandria Roberts
747,Bryce Colon,johnsonalexis@example.com,Christina Scott
748,Rhonda Travis,jennifer92@example.net,Andrew Long
749,Anthony Baker DVM,francisrocha@example.org,Charles Mejia
750,Vanessa Townsend,joshuamcdowell@example.com,Michelle Fritz
751,Marcus Johnson,paulvega@example.com,Alexis Brown
752,Gregory Trevino,vmason@example.com,Carlos Acosta
753,Sarah Mccormick,johnsoncharles@example.net,Richard Harper
754,Christian Wright,gutierrezdonna@example.org,Elizabeth Booker
755,Nicholas Flores,elizabethyang@example.net,Kim Wilson
756,Kim Howell,clarkenancy@example.net,Jasmine Wright
757,Terry Nichols,gmartin@example.net,Malik Garcia
758,Sally Hopkins,nichole20@example.com,Tracey Mills
759,Brett Fitzgerald,jeremyroberson@example.com,Bradley Jackson
760,Audrey Acevedo,ericascott@example.net,Tasha Hill
761,Barbara Butler,vhatfield@example.com,Jessica Suarez
762,Joshua Moore,dbowers@example.net,Kimberly Solomon
763,Troy Peck,kimwright@example.com,Johnny Barron
764,Frederick Williams,qsmith@example.net,James Garrett
765,Nicole Kramer,freemanholly@example.net,Angelica York
766,James Foley,pmartinez@example.net,Shawn Torres
767,Crystal Duran,vcastro@example.org,Brian Armstrong
768,Nicholas Williams,rowens@example.org,Jesse Santiago
769,Lauren Tucker,sanfordamber@example.net,David Ferguson
770,Michelle Blake,jamesdennis@example.com,Adam Phillips
771,Amber Fletcher,fisherkevin@example.com,Kathleen Stein
772,Michael Swanson,barbarahancock@example.com,Kevin Archer
773,Teresa Wolfe,ioconnell@example.org,Sara Martin
774,Judy Wallace,brianmurray@example.org,Emily Ferguson
775,Jennifer Gray,jray@example.net,Danielle Saunders
776,Kimberly Fox,reedjessica@example.net,Gerald Erickson
777,Phillip Smith,margaret92@example.com,Jennifer Kennedy
778,Mark Wilson,martha84@example.org,Carrie Anderson
779,Tom Moore,lewisdylan@example.org,Martin Wyatt
780,Kimberly Brown,kellywalter@example.net,Christian Washington
781,Vickie Evans,jose33@example.net,Alexis Powell
782,Sarah Carney,fergusonmichael@example.net,Ronald Sanchez
783,Ashley Wheeler DDS,kmorales@example.net,Andrew Contreras
784,Mr. Jeffrey Short DVM,ysteele@example.com,Phillip Rodriguez
785,Michael Little,nkelly@example.net,Penny Powers
786,Eileen Smith,hendersonalexandria@example.net,Sheryl Le
787,Dominique Stuart,karen90@example.org,Anna Noble
788,Phillip Perry,alyssalee@example.org,Alexandra Reid
789,Daniel Martin,tonya71@example.com,Sarah Howard
790,Kendra Stephens,rowlanderin@example.org,Holly Green
791,Marissa Murray,paula09@example.net,Ralph Webb
792,Jordan Adams,donald40@example.com,Guy Chen
793,Jessica Berry,tpalmer@example.net,Timothy Bell
794,Chad Thomas,michaeldavis@example.org,Matthew Drake
795,Alexis Schultz,igibson@example.org,George Davis
796,Charlene Ross,crystalwilliams@example.com,Hector Church
797,Eric Cline,brian45@example.org,William Conley
798,Eric Benjamin,bethstrickland@example.net,Mark Holloway
799,Latoya Stephens,joseph31@example.org,Stephen West
800,Jennifer Ballard,tsmith@example.org,Don Martin
801,Helen Phillips,katherineblankenship@example.org,Joshua Ochoa
802,Richard Jones,hperez@example.org,Kathy Cobb
803,Amanda Mayo,smithlindsay@example.com,Shannon Gonzalez
804,Amanda Williams,harrisjessica@example.net,Joshua Gomez
805,Miguel Little,christopher80@example.org,Jennifer Benton
806,Holly Evans,melanie95@example.net,Timothy Walker
807,Leonard Carter,crystal14@example.com,Luke Blake
808,Lauren Jackson,sharonwhite@example.net,Mr. Paul Robinson
809,Daniel Wood,kmiller@example.net,Ricky Williams
810,Justin Cuevas,ghill@example.org,Kayla Miller
811,Sonia Sims,george81@example.org,Jodi Gonzalez
812,Matthew Jackson,samanthajones@example.com,Emily Small DVM
813,Eric Michael,schmittclaire@example.net,Thomas Gilbert
814,Kristin Cummings,ana97@example.org,Kyle Wilkinson
815,Jorge Carlson,bgreen@example.net,Anthony Hunter
816,Deanna Walker,penglish@example.net,Danielle Day
817,Leah Burns,howellerica@example.net,Jenny Escobar
818,Yvonne Stewart,david32@example.net,Duane Everett
819,Jeff Mcclure,rhondamurphy@example.com,Dr. Paul Moyer
820,Claudia Buchanan,carolynhinton@example.com,David Reyes
821,Joseph Jones,jacquelinehayes@example.com,Ralph Kidd
822,Stacey Zimmerman,amandaroberts@example.org,Glenda Wheeler
823,Richard Hall,piercethomas@example.org,Heather Evans
824,Jared Barajas,browntheresa@example.net,Stacy Brandt
825,Gregory Murray,wudonald@example.com,Spencer Cross
826,Christy Greene,ericaquinn@example.org,Darrell Cline
827,Tom Jones,reidsandra@example.org,Joshua Allen
828,Brian Bush,nkent@example.net,Timothy Cross
829,Samuel Anderson,nathan03@example.org,Kelly Smith
830,Travis Schwartz,lucaslawson@example.com,Jacob Pittman
831,Tim Wise,markvega@example.net,Kevin Durham
832,Erica Rogers,sosalisa@example.net,Steven Griffin
833,Jason Turner,dawsonkaren@example.org,Matthew Ashley
834,Kerry Sanders,donna41@example.org,Steven Duke
835,Henry Ward,kristinenelson@example.org,Jamie Espinoza
836,Devin Dickerson,austinjones@example.com,Patricia Barrett
837,Jesse Liu,amanda23@example.net,Jasmine Allen
838,Kenneth Castillo,garciajackie@example.com,Michael Murphy
839,Jaime Lane,herbert56@example.net,Jacqueline Garcia
840,Kristen Hernandez,linda13@example.org,Daniel Bailey
841,Alan Mendez,smithjoann@example.net,Dr. Kenneth Duncan
842,Kelly Hobbs,pettykaren@example.com,Patrick Thompson
843,Michelle Perry,arroyomichelle@example.net,Emily Gray
844,Paul Jackson,elizabethmiles@example.net,Steven Hooper
845,David Rojas,howardtom@example.com,Brent Lewis
846,Anna Thompson,zpeterson@example.net,Mary Jones
847,Chase Kline,michaelscott@example.com,Holly Carter
848,Joan Rosario,alyssa28@example.net,Louis Rivers
849,Ryan Lara,oconnellerica@example.org,Eric Jones
850,Christopher Williams,moorecrystal@example.org,Karen Williams
851,Felicia Alvarez,vjoseph@example.org,Christina Wilson
852,Yesenia Love,stephen09@example.com,Sonia Bailey
853,Katrina Mcclure,qphillips@example.net,Taylor Holmes
854,Jason Brooks,johnross@example.com,Lucas Ortiz
855,Maria Hodge,carmengray@example.org,Kirsten Caldwell
856,Samuel Alvarez,ebrown@example.net,Robert Floyd
857,Amy Hill,umoore@example.com,Michael Phillips
858,Loretta Randolph,garyarellano@example.org,Shawn Wright
859,Lynn Flynn,jennifernewman@example.net,Paul Pruitt
860,David Foster,kevin39@example.org,Terri Fields
861,William Thomas,goodwindawn@example.org,Michelle Mcguire
862,Lisa Stanley,langveronica@example.net,Daniel Vance
863,Kim Petersen,dodonnell@example.com,Paul Silva
864,Lori Ewing,hoodmolly@example.com,Richard Johnson
865,Kimberly Mcdonald,jodygibson@example.com,Michelle Jackson
866,Allison Maddox,kristi24@example.com,Anthony Gomez PhD
867,Christopher Blankenship,brittanyvargas@example.com,Melody Richmond
868,Michael Nelson,alexandraduncan@example.com,Ashley Leon
869,Carrie Garrison,zhughes@example.com,Ashley Ball
870,Melissa Wagner,cmartin@example.net,Rebekah Santos
871,Richard Davis,thomasvillegas@example.com,Kelsey Davis
872,Amy Tucker,smithconnie@example.com,Tanya Long
873,Jason Melendez,snydertami@example.org,Pamela Christian
874,Kelly Hughes,susandrake@example.org,Lisa Lynn
875,Douglas Orozco,chadthomas@example.org,Cindy Mcdowell
876,Carmen Christensen,sabrinahill@example.net,Harold Harris
877,Kristina Lopez,uharris@example.org,Sarah Jenkins
878,Dr. Lisa Stevens,coryroman@example.net,Heather Reilly
879,Shelly Evans,stricklandian@example.com,Keith Carroll
880,Amanda Mccormick,david13@example.net,Kristin Riddle
881,Christopher Cervantes,ryankenneth@example.com,Norma Walker
882,Jimmy Taylor,rshaw@example.com,Frank Garcia
883,James Cook,michellejackson@example.net,Richard Smith
884,Jordan Cochran,karlasanchez@example.com,Peter Hodges
885,Christopher White,spencepamela@example.org,James Hughes
886,Jack Wright,cynthiamartinez@example.org,Holly Rodriguez
887,Brian Hernandez,eileenscott@example.com,Christopher Daniel
888,James Clark,tammyduffy@example.com,Lucas Bailey
889,Seth Hayden,corey36@example.org,Alexis Jones
890,Brenda Le,gwhitehead@example.com,Jeffrey Ramos
891,Sarah Robertson,heatherharrison@example.com,Daniel Davis
892,Andrea Pollard,austinrivera@example.org,Jessica Harris
893,Katherine Foster,ryanjones@example.net,Rebecca Bridges
894,Kristen Hoffman,xrobinson@example.net,Dr. Brandon Ryan
895,Heather Stokes,geoffreywatkins@example.net,Diana Park
896,Katie Hill,frances92@example.net,Elizabeth Waller
897,Vanessa Mitchell,jason90@example.net,Jeremy Barrera
898,Christopher Smith,stevenklein@example.org,James Fields
899,Jack Allen,daniel74@example.net,Shari Miller
900,Victoria Arnold,jonathan90@example.org,Kevin James
901,Christian Mcdowell,creyes@example.org,Timothy Wallace
902,Tracy May,anna04@example.net,Pamela Evans
903,Mrs. Lauren Salazar,chamilton@example.org,Candace Elliott
904,Mrs. Gabriella Lozano,gmarks@example.org,Kelly Porter
905,Mackenzie Smith,malonemichael@example.org,Jessica Jones
906,Mark Brown,alexandria13@example.com,Charles Brown
907,Travis Murphy,banksrhonda@example.com,Kelsey Frye
908,Miguel Harrison,victor79@example.org,Roger Mendoza
909,Michael James,millerjoel@example.net,Billy Thompson
910,Christopher Vargas,edavis@example.net,Michael Parker
911,Kevin Wright,xbrewer@example.org,Michelle Keller
912,Danielle Frey,haysbarbara@example.org,Joshua Delgado
913,Kimberly Williams,gregpeters@example.com,Colin Smith
914,Ann Harrison,sdixon@example.com,Arthur Chavez
915,Thomas Price,hburns@example.net,Carrie Carpenter
916,Christopher Allison,hmartin@example.com,Richard Baldwin
917,Amber Wiley,mross@example.net,Robert Cohen
918,Michael Thornton,martinezhannah@example.net,Jacob Mitchell
919,Aaron Jenkins,bbaldwin@example.org,Amanda Robinson
920,Melanie Quinn,diaztanya@example.org,Amy Hernandez
921,Dustin Richards,williesmith@example.net,James Benson
922,Stephanie Terry,jason85@example.org,Daniel Steele
923,Jermaine Smith,christophermorgan@example.org,Kelly Montgomery
924,James Bishop,edward20@example.com,John Rojas
925,Jeffery Anderson,alexandermartinez@example.org,Danielle Brown
926,Paul Prince,michael30@example.com,Anne Cannon
927,Sharon Larson,steven13@example.net,Felicia Rodriguez
928,Jacqueline Gillespie,andrewsmith@example.com,Jessica Gentry
929,Elijah Luna,michael66@example.org,Brian Mueller
930,Mrs. Kimberly Jones,kleinkaren@example.net,Ruth Roberts
931,Richard Anderson,marc02@example.org,Lauren Walsh
932,Anna Wood,morrowcody@example.org,Mr. Cory Gates DVM
933,Ms. Penny Williams,teresa18@example.com,Michele Williams
934,Matthew Davis,ericacarr@example.org,Danielle Sawyer
935,Shannon Torres MD,penny67@example.com,Shelley Morgan
936,Zachary Cruz,timothyschroeder@example.net,Mr. Daniel Ayala
937,Lisa Mcgee,meghancohen@example.com,Jeanette Hunter
938,Robert Mullen,eskinner@example.net,Matthew Hall
939,Charles Liu,greenedavid@example.org,Jennifer Garcia
940,Jean Perez,shaun58@example.com,Catherine Ayers
941,Taylor Barajas,samuelthornton@example.com,Megan Pruitt
942,Dylan Sherman,fmurphy@example.net,Angelica Willis
943,Marc Burke,xlong@example.org,Nicholas Moore
944,Michael Beasley,pwilliamson@example.com,Selena Moore
945,Matthew White,gonzalezdennis@example.com,Michaela Barton
946,Brian Solomon,fyoung@example.net,Laura Nelson
947,Robert Adams,alfredmartinez@example.net,Stanley Barr
948,Eric Miller,erichopkins@example.com,Jessica Espinoza
949,Molly Jones,jennifer54@example.net,Charles Morris
950,Donna Miller MD,paynethomas@example.net,Juan Peck
951,Bianca Arias,haleywilson@example.net,Shannon Schroeder
952,Mike Martin PhD,bwest@example.net,Carla Sanders
953,Keith Pineda DDS,mathissteven@example.net,Sabrina Shelton
954,Victor Bradley,kevintaylor@example.com,Kim Myers
955,Christopher Stuart,zvega@example.org,Wendy Ali
956,Brenda Jenkins,brian48@example.com,Ms. Jill Fuller
957,Jacqueline Ferguson,qtaylor@example.net,Nicholas Burnett
958,Thomas Alexander,teresa49@example.org,Michael Martinez
959,Brian Montoya,anthony30@example.com,Christine Whitehead
960,Nancy Smith,goldencatherine@example.com,Jerome Holmes
961,Bradley Glover,tyler60@example.net,Christopher Stevenson
962,Sara Phillips,pbailey@example.com,Kelly Chang
963,Angela Leblanc,megan03@example.org,Eric Williams
964,Robert Christensen,dchan@example.com,Hannah Anderson
965,Patricia Adams,latoya68@example.net,Sarah Adams
966,Lauren Middleton,hodgejacob@example.com,James Wu
967,Dawn Short,moorekelly@example.com,Stephanie Snyder
968,Kenneth Martin,mglass@example.org,Derek Martinez
969,Mrs. Marilyn Mckee,iwilliams@example.org,Ashley Wilkinson
970,Tom Jordan,michael62@example.com,Carrie Collins
971,Joseph Thomas,kgutierrez@example.com,Melanie Harrison
972,Natalie Middleton,iperry@example.com,Wendy Cruz
973,Jennifer Brown,sarah15@example.com,Jeffrey Fisher
974,Samantha Riley,tlowe@example.org,Kathy Cunningham
975,Ian Payne,zadams@example.com,John Herrera
976,Donald Copeland,alijames@example.net,Renee Cross
977,Danielle Hernandez,juliebrooks@example.com,Miguel Brown
978,Kristine Herrera,nwilliams@example.com,Charles Collins
979,Sean Dixon,ogilmore@example.com,Nicholas Allen
980,Melissa Burns,julienorris@example.org,James Mitchell
981,Daniel Garcia,kevin02@example.net,Erica Riley
982,Philip White,jmiller@example.com,Tina Robinson
983,Tanner Phillips,smithmonica@example.net,Sarah Smith
984,Roy Perez,matthewritter@example.org,Ernest Morrison
985,Christian Jones,jeffreyjohnson@example.com,Johnny Andrews
986,Katrina Nguyen,daltonwilliam@example.org,Elizabeth Williams
987,Seth Sherman,edwardcox@example.org,William Clark
988,Sherri Martinez,matthewsims@example.net,Jesse Harrison
989,Scott Arnold,tsmith@example.com,Henry Boyd
990,Suzanne Howard,cynthiawaters@example.org,Carolyn Lowery
991,Sandra Martinez,andrew51@example.org,Joshua Montgomery
992,Sherry Flores,pagerobin@example.org,Lisa Barrett
993,Tyrone Morris,gperez@example.net,Emily Harrington
994,Kyle Gray,annburns@example.org,Nicole Moore
995,Mackenzie Powell,piercemaria@example.net,Alicia Gray
996,Rebecca Herrera,adamsanchez@example.net,Daniel Turner
997,Christian Hernandez,jimmy65@example.com,Robert Williams
998,Sharon Lopez,simpsondavid@example.org,Todd Pearson
999,Connie Brewer,sherrypeters@example.net,Mark Maldonado
1000,Glenn Glenn,laura99@example.com,Pamela Anderson MD
