ID,Title
1,Financial adviser
2,"Programme researcher, broadcasting/film/video"
3,Financial planner
4,Clinical embryologist
5,Sport and exercise psychologist
6,Associate Professor
7,Community pharmacist
8,"Engineer, agricultural"
9,"Engineer, aeronautical"
10,Nutritional therapist
11,Insurance broker
12,Computer games developer
13,"Presenter, broadcasting"
14,"Production assistant, television"
15,"Accountant, chartered"
16,"Teacher, early years/pre"
17,"Engineer, chemical"
18,Rural practice surveyor
19,Senior tax professional/tax inspector
20,Theatre stage manager
21,"Psychotherapist, dance movement"
22,Medical secretary
23,Conference centre manager
24,Financial manager
25,Audiological scientist
26,Archivist
27,Theatre director
28,"Accountant, chartered"
29,"Engineer, electronics"
30,Warehouse manager
31,Psychiatrist
32,Race relations officer
33,Geoscientist
34,Horticultural therapist
35,"Journalist, magazine"
36,Fisheries officer
37,Art therapist
38,"Journalist, newspaper"
39,Electronics engineer
40,Barista
41,Commercial/residential surveyor
42,Clinical cytogeneticist
43,Network engineer
44,Chief Marketing Officer
45,"Therapist, sports"
46,Fashion designer
47,Hydrographic surveyor
48,Trade mark attorney
49,Legal executive
50,Information systems manager
51,Control and instrumentation engineer
52,Occupational hygienist
53,Sports therapist
54,Hydrographic surveyor
55,"Engineer, energy"
56,Passenger transport manager
57,Ceramics designer
58,Television floor manager
59,Press sub
60,Sports therapist
61,Hydrogeologist
62,"Administrator, arts"
63,Media planner
64,Jewellery designer
65,"Scientist, marine"
66,Naval architect
67,Radiation protection practitioner
68,"Psychologist, prison and probation services"
69,Field seismologist
70,Building surveyor
71,Secondary school teacher
72,"Secretary, company"
73,"Social research officer, government"
74,Community education officer
75,"Lecturer, higher education"
76,"Designer, industrial/product"
77,"Therapist, speech and language"
78,Podiatrist
79,Oceanographer
80,Immigration officer
81,Early years teacher
82,Optometrist
83,Counsellor
84,Ecologist
85,Bonds trader
86,"Engineer, water"
87,Careers adviser
88,"Chemist, analytical"
89,Hospital doctor
90,Holiday representative
91,Retail merchandiser
92,Banker
93,Colour technologist
94,"Buyer, retail"
95,Operational investment banker
96,"Nurse, learning disability"
97,Stage manager
98,Logistics and distribution manager
99,"Doctor, hospital"
100,"Editor, commissioning"
